<?xml version="1.0" encoding="ISO-8859-1" ?>

<!DOCTYPE struts-config PUBLIC
          "-//Apache Software Foundation//DTD Struts Configuration 1.2//EN"
          "http://jakarta.apache.org/struts/dtds/struts-config_1_2.dtd">

<struts-config>

    <form-beans>
    </form-beans>

	<global-forwards>
		<forward name="genericerror" path="/error.jsp"/>
	</global-forwards>
	
	<action-mappings>
        <action path="/run_report" type="net.sf.jasperreports.sugarcrm.web.action.RunReportAction">
            <forward name="success" path="/report.jsp"/>
            <forward name="parameters" path="/parameters.jsp"/>
            <forward name="errors" path="/error.jsp"/>
        </action>
        <action path="/upload" type="net.sf.jasperreports.sugarcrm.web.action.UploadAction">
            <forward name="success" path="/upload_results.jsp"/>
            <forward name="failure" path="/error.jsp"/>
        </action>
        <action path="/logout" type="net.sf.jasperreports.sugarcrm.web.action.LogoutAction">
            <forward name="success" path="/login.jsp"/>
        </action>
    </action-mappings>

    <message-resources parameter="net.sf.jasperreports.sugarcrm.web.Messages" />
</struts-config>
