<!-- Example Server Configuration File -->
<!-- Note that component elements are nested corresponding to their
     parent-child relationships with each other -->

<!-- A "Server" is a singleton element that represents the entire JVM,
     which may contain one or more "Service" instances.  The Server
     listens for a shutdown command on the indicated port.

     Note:  A "Server" is not itself a "Container", so you may not
     define subcomponents such as "Valves" or "Loggers" at this level.
 -->

<Server port="8005" shutdown="SHUTDOWN" debug="0">


    <!-- Comment these entries out to disable JMX MBeans support -->
    <!-- You may also configure custom components (e.g. Valves/Realms) by
         including your own mbean-descriptor file(s), and setting the
         "descriptors" attribute to point to a ';' seperated list of paths
         (in the ClassLoader sense) of files to add to the default list.
         e.g. descriptors="/com/myfirm/mypackage/mbean-descriptor.xml"
    -->
    <Listener className="org.apache.catalina.mbeans.ServerLifecycleListener"
              debug="0" descriptors="/net/sf/jasperreports/sugarcrm/realm/mbeans-descriptors.xml"/>
    <Listener className="org.apache.catalina.mbeans.GlobalResourcesLifecycleListener"
              debug="0"/>

    <!-- Global JNDI resources -->
    <GlobalNamingResources>
        <!-- SugarCRM database registered with JNDI.  This needs to be -->
        <!-- a global resource so we can use it to authenticate        -->
        <Resource name="jdbc/jasperreports-sugarcrm" auth="Container"
                  type="javax.sql.DataSource"/>
        <ResourceParams name="jdbc/jasperreports-sugarcrm">
            <parameter>
                <name>factory</name>
                <value>org.apache.commons.dbcp.BasicDataSourceFactory</value>
            </parameter>
            <parameter>
                <name>username</name>
                <value>sugarcrm</value>
            </parameter>
            <parameter>
                <name>password</name>
                <value>sugarcrm</value>
            </parameter>
            <parameter>
                <name>driverClassName</name>
                <value>com.mysql.jdbc.Driver</value>
            </parameter>
            <parameter>
                <name>url</name>
                <value>jdbc:mysql://localhost/sugarcrm</value>
            </parameter>
        </ResourceParams>
    </GlobalNamingResources>

  <!-- A "Service" is a collection of one or more "Connectors" that share
       a single "Container" (and therefore the web applications visible
       within that Container).  Normally, that Container is an "Engine",
       but this is not required.

       Note:  A "Service" is not itself a "Container", so you may not
       define subcomponents such as "Valves" or "Loggers" at this level.
   -->

  <!-- Define the Tomcat Stand-Alone Service -->
  <Service name="Tomcat-Standalone">

    <!-- A "Connector" represents an endpoint by which requests are received
         and responses are returned.  Each Connector passes requests on to the
         associated "Container" (normally an Engine) for processing.

         By default, a non-SSL HTTP/1.1 Connector is established on port 8080.
         You can also enable an SSL HTTP/1.1 Connector on port 8443 by
         following the instructions below and uncommenting the second Connector
         entry.  SSL support requires the following steps (see the SSL Config
         HOWTO in the Tomcat 4.0 documentation bundle for more detailed
         instructions):
         * Download and install JSSE 1.0.2 or later, and put the JAR files
           into "$JAVA_HOME/jre/lib/ext".
         * Execute:
             %JAVA_HOME%\bin\keytool -genkey -alias tomcat -keyalg RSA (Windows)
             $JAVA_HOME/bin/keytool -genkey -alias tomcat -keyalg RSA  (Unix)
           with a password value of "changeit" for both the certificate and
           the keystore itself.

         By default, DNS lookups are enabled when a web application calls
         request.getRemoteHost().  This can have an adverse impact on
         performance, so you can disable it by setting the
         "enableLookups" attribute to "false".  When DNS lookups are disabled,
         request.getRemoteHost() will return the String version of the
         IP address of the remote client.
    -->

    <!-- Define a non-SSL Coyote HTTP/1.1 Connector on port 8080 -->
    <Connector className="org.apache.coyote.tomcat4.CoyoteConnector"
               port="8080" minProcessors="5" maxProcessors="75"
               enableLookups="true" redirectPort="8443"
               acceptCount="100" debug="0" connectionTimeout="20000"
               useURIValidationHack="false" disableUploadTimeout="true" />
    <!-- Note : To disable connection timeouts, set connectionTimeout value
     to 0 -->

    <!-- Define a SSL Coyote HTTP/1.1 Connector on port 8443 -->
    <!--
    <Connector className="org.apache.coyote.tomcat4.CoyoteConnector"
               port="8443" minProcessors="5" maxProcessors="75"
               enableLookups="true"
           acceptCount="100" debug="0" scheme="https" secure="true"
               useURIValidationHack="false" disableUploadTimeout="true">
      <Factory className="org.apache.coyote.tomcat4.CoyoteServerSocketFactory"
               clientAuth="false" protocol="TLS" />
    </Connector>
    -->

    <!-- Define a Coyote/JK2 AJP 1.3 Connector on port 8009 -->
    <!--
    <Connector className="org.apache.coyote.tomcat4.CoyoteConnector"
               port="8009" minProcessors="5" maxProcessors="75"
               enableLookups="true" redirectPort="8443"
               acceptCount="10" debug="0" connectionTimeout="0"
               useURIValidationHack="false"
               protocolHandlerClassName="org.apache.jk.server.JkCoyoteHandler"/>
    -->j

    <!-- Define an AJP 1.3 Connector on port 8009 -->
    <!--
    <Connector className="org.apache.ajp.tomcat4.Ajp13Connector"
               port="8009" minProcessors="5" maxProcessors="75"
               acceptCount="10" debug="0"/>
    -->

    <!-- Define a Proxied HTTP/1.1 Connector on port 8082 -->
    <!-- See proxy documentation for more information about using this. -->
    <!--
    <Connector className="org.apache.coyote.tomcat4.CoyoteConnector"
               port="8082" minProcessors="5" maxProcessors="75"
               enableLookups="true"
               acceptCount="100" debug="0" connectionTimeout="20000"
               proxyPort="80" useURIValidationHack="false"
               disableUploadTimeout="true" />
    -->

    <!-- An Engine represents the entry point (within Catalina) that processes
         every request.  The Engine implementation for Tomcat stand alone
         analyzes the HTTP headers included with the request, and passes them
         on to the appropriate Host (virtual host). -->

    <!-- You should set jvmRoute to support load-balancing via JK/JK2 ie :
    <Engine name="Standalone" defaultHost="localhost" debug="0" jvmRoute="jvm1">
    -->

    <!-- Define the top level container in our container hierarchy -->
    <Engine name="Standalone" defaultHost="localhost" debug="0">

      <!-- The request dumper valve dumps useful debugging information about
           the request headers and cookies that were received, and the response
           headers and cookies that were sent, for all requests received by
           this instance of Tomcat.  If you care only about requests to a
           particular virtual host, or a particular application, nest this
           element inside the corresponding <Host> or <Context> entry instead.

           For a similar mechanism that is portable to all Servlet 2.3
           containers, check out the "RequestDumperFilter" Filter in the
           example application (the source for this filter may be found in
           "$CATALINA_HOME/webapps/examples/WEB-INF/classes/filters").

           Request dumping is disabled by default.  Uncomment the following
           element to enable it. -->
      <!--
      <Valve className="org.apache.catalina.valves.RequestDumperValve"/>
      -->

      <!-- Global logger unless overridden at lower levels -->
      <Logger className="org.apache.catalina.logger.FileLogger"
              prefix="catalina_log." suffix=".txt"
              timestamp="true"/>


      <!-- Define the default virtual host -->
      <Host name="localhost" debug="0" appBase="webapps"
       unpackWARs="true" autoDeploy="true">

        <!-- Logger shared by all Contexts related to this virtual host.  By
             default (when using FileLogger), log files are created in the "logs"
             directory relative to $CATALINA_HOME.  If you wish, you can specify
             a different directory with the "directory" attribute.  Specify either a
             relative (to $CATALINA_HOME) or absolute path to the desired
             directory.-->
        <Logger className="org.apache.catalina.logger.FileLogger"
                 directory="logs"  prefix="localhost_log." suffix=".txt"
            timestamp="true"/>

        <!-- Define properties for each web application.  This is only needed
             if you want to set non-default properties, or have web application
             document roots in places other than the virtual host's appBase
             directory.  -->

        <!-- Tomcat Root Context -->
        <Context path="" docBase="ROOT" debug="0"/>

        <!-- JasperReports for SugarCRM Context -->
        <Context path="/jasperreports-sugarcrm" docBase="jasperreports-sugarcrm" debug="0"
                 reloadable="true" crossContext="true" useNaming="true">
          <Logger className="org.apache.catalina.logger.FileLogger"
                     prefix="localhost_jasperreports_sugarcrm_log." suffix=".txt"
              timestamp="true"/>
        
          <Realm className="net.sf.jasperreports.sugarcrm.realm.SugarDataSourceRealm"
                 dataSourceName="jdbc/jasperreports-sugarcrm"
                 digest="md5" userNameCol="user_name" userRoleTable="roles"
                 userTable="users" debug="0"/>
          
          <ResourceLink global="jdbc/jasperreports-sugarcrm"
                        name="jdbc/jasperreports-sugarcrm"
                        type="javax.sql.DataSource"/>
        </Context>
      </Host>

    </Engine>

  </Service>


</Server>
